Người,Phần,Lượt,Task,Chế độ,ID task,Bắt đầu (giờ:phút),Kết thúc (giờ:phút),Số phút,Kết quả,Trên tổng,Cuboid làm hỏng / sai-thừa,Đã gửi file json,Ghi chú
Thúy,1 - Review,1,PILOT A,tay,,,,,,25,,,
Thúy,1 - Review,2,PILOT B,tool,,,,,,18,,,
Thúy,2 - Gán nhãn,gán (trước tool),PILOT GAN NHAN,truoc,,,,,,17,,,
Thúy,2 - Gán nhãn,sửa (sau tool),PILOT GAN NHAN,sau,,,,,,17,,,
Trọng,1 - Review,1,PILOT B,tay,,,,,,18,,,
Trọng,1 - Review,2,PILOT A,tool,,,,,,25,,,
Trọng,2 - Gán nhãn,gán (trước tool),PILOT GAN NHAN,truoc,,,,,,17,,,
Trọng,2 - Gán nhãn,sửa (sau tool),PILOT GAN NHAN,sau,,,,,,17,,,
Duy,1 - Review,1,PILOT A,tool,,,,,,25,,,
Duy,1 - Review,2,PILOT B,tay,,,,,,18,,,
Duy,2 - Gán nhãn,gán (trước tool),PILOT GAN NHAN,truoc,,,,,,17,,,
Duy,2 - Gán nhãn,sửa (sau tool),PILOT GAN NHAN,sau,,,,,,17,,,
Tùng,1 - Review,1,PILOT B,tool,,,,,,18,,,
Tùng,1 - Review,2,PILOT A,tay,,,,,,25,,,
Tùng,2 - Gán nhãn,gán (trước tool),PILOT GAN NHAN,truoc,,,,,,17,,,
Tùng,2 - Gán nhãn,sửa (sau tool),PILOT GAN NHAN,sau,,,,,,17,,,
